team1,team2,team1_player1,team1_player2,team1_player3,team1_player4,team1_player5,team1_player6,team1_player7,team1_player8,team1_player9,team1_player10,team1_player11,team2_player1,team2_player2,team2_player3,team2_player4,team2_player5,team2_player6,team2_player7,team2_player8,team2_player9,team2_player10,team2_player11,venue,toss_winner,toss_decision,winner
IU,QG,Shane Watson,Sharjeel Khan,Umar Amin,Babar Azam,Sam Billings,Misbah-ul-Haq,Imran Khalid,Andre Russell,Samuel Badree,Mohammad Irfan,Rumman Raees,Luke Wright,Ahmed Shehzad,Kevin Pietersen,Mohammad Nawaz,Sarfraz Ahmed,Anwar Ali,Umar Gul,Zulfiqar Babar,Elton Chigumbura,Mohammad Nabi,Akbar-ur-Rehman,Dubai,QG,field,QG
KK,LQ,Lendl Simmons,Nauman Anwar,James Vince,Shakib Al Hasan,Shoaib Malik,Ravi Bopara,Imad Wasim,Iftikhar Ahmed,Sohail Tanvir,Saifullah Bangash,Mohammad Amir,Chris Gayle,Azhar Ali,Cameron Delport,Sohaib Maqsood,Mohammad Rizwan,Dwayne Bravo,Zohaib Khan,Kevon Cooper,Naved Yasin,Zafar Gohar,Zia-ul-Haq,Dubai,KK,field,KK
PZ,IU,Tamim Iqbal,Mohammad Hafeez,Dawid Malan,Kamran Akmal,Shahid Yousuf,Shahid Afridi,Darren Sammy,Wahab Riaz,Junaid Khan,Mohammad Asghar,Shaun Tait,Shane Watson,Sharjeel Khan,Babar Azam,Umar Amin,Misbah-ul-Haq,Sam Billings,Ashar Zaidi,Andre Russell,Imran Khalid,Saeed Ajmal,Rumman Raees,Dubai,PZ,bat,PZ
QG,KK,Luke Wright,Ahmed Shehzad,Kevin Pietersen,Sarfraz Ahmed,Elton Chigumbura,Mohammad Nabi,Mohammad Nawaz,Anwar Ali,Umar Gul,Zulfiqar Babar,Akbar-ur-Rehman,Lendl Simmons,Nauman Anwar,James Vince,Shakib Al Hasan,Shoaib Malik,Ravi Bopara,Imad Wasim,Sohail Tanvir,Iftikhar Ahmed,Saifullah Bangash,Mohammad Amir,Dubai,QG,field,QG
LQ,PZ,Chris Gayle,Azhar Ali,Cameron Delport,Mohammad Rizwan,Umar Akmal,Dwayne Bravo,Hammad Azam,Zohaib Khan,Adnan Rasool,Zia-ul-Haq,Ajantha Mendis,Tamim Iqbal,Mohammad Hafeez,Dawid Malan,Kamran Akmal,Shahid Yousuf,Shahid Afridi,Darren Sammy,Wahab Riaz,Junaid Khan,Mohammad Asghar,Shaun Tait,Dubai,PZ,field,PZ
IU,KK,Shane Watson,Sharjeel Khan,Khalid Latif,Ashar Zaidi,Andre Russell,Misbah-ul-Haq,Sam Billings,Imran Khalid,Mohammad Sami,Saeed Ajmal,Rumman Raees,Lendl Simmons,James Vince,Imad Wasim,Shoaib Malik,Shakib Al Hasan,Iftikhar Ahmed,Ravi Bopara,Saifullah Bangash,Sohail Tanvir,Usama Mir,Mohammad Amir,Dubai,KK,field,IU
QG,PZ,Luke Wright,Ahmed Shehzad,Kevin Pietersen,Sarfraz Ahmed,Mohammad Nawaz,Akbar-ur-Rehman,Mohammad Nabi,Elton Chigumbura,Anwar Ali,Umar Gul,Zulfiqar Babar,Tamim Iqbal,Mohammad Hafeez,Dawid Malan,Kamran Akmal,Shahid Yousuf,Shahid Afridi,Darren Sammy,Wahab Riaz,Junaid Khan,Mohammad Asghar,Shaun Tait,Dubai,QG,field,QG
LQ,QG,Azhar Ali,Cameron Delport,Umar Akmal,Dwayne Bravo,Hammad Azam,Mohammad Rizwan,Naved Yasin,Zohaib Khan,Kevon Cooper,Ajantha Mendis,Zafar Gohar,Luke Wright,Ahmed Shehzad,Kevin Pietersen,Mohammad Nawaz,Sarfraz Ahmed,Mohammad Nabi,Elton Chigumbura,Akbar-ur-Rehman,Anwar Ali,Umar Gul,Zulfiqar Babar,Dubai,QG,field,LQ
IU,LQ,Shane Watson,Sharjeel Khan,Andre Russell,Brad Haddin,Kamran Ghulam,Sam Billings,Imran Khalid,Khalid Latif,Mohammad Sami,Rumman Raees,Saeed Ajmal,Azhar Ali,Cameron Delport,Naved Yasin,Umar Akmal,Dwayne Bravo,Mohammad Rizwan,Kevon Cooper,Zohaib Khan,Zafar Gohar,Ehsan Adil,Ajantha Mendis,Sharjah,IU,field,IU
KK,PZ,Lendl Simmons,Nauman Anwar,James Vince,Imad Wasim,Shoaib Malik,Shakib Al Hasan,Ravi Bopara,Sohail Tanvir,Usama Mir,Saifullah Bangash,Mohammad Amir,Tamim Iqbal,Mohammad Hafeez,Kamran Akmal,Dawid Malan,Shahid Afridi,Darren Sammy,Shahid Yousuf,Wahab Riaz,Aamer Yamin,Mohammad Asghar,Shaun Tait,Sharjah,PZ,bat,PZ
IU,QG,Shane Watson,Sharjeel Khan,Brad Haddin,Khalid Latif,Sam Billings,Imran Khalid,Kamran Ghulam,Andre Russell,Saeed Ajmal,Rumman Raees,Mohammad Irfan,Luke Wright,Ahmed Shehzad,Kevin Pietersen,Sarfraz Ahmed,Mohammad Nawaz,Mohammad Nabi,Anwar Ali,Zulfiqar Babar,Akbar-ur-Rehman,Grant Elliott,Aizaz Cheema,Sharjah,QG,field,QG
KK,LQ,Nauman Anwar,Shoaib Malik,James Vince,Ravi Bopara,Shakib Al Hasan,Imad Wasim,Mushfiqur Rahim,Sohail Tanvir,Usama Mir,Sohail Khan,Mir Hamza,Chris Gayle,Cameron Delport,Umar Akmal,Dwayne Bravo,Mohammad Rizwan,Hammad Azam,Naved Yasin,Kevon Cooper,Zafar Gohar,Zohaib Khan,Ehsan Adil,Sharjah,LQ,field,KK
IU,PZ,Shane Watson,Sharjeel Khan,Khalid Latif,Misbah-ul-Haq,Andre Russell,Brad Haddin,Asif Ali,Mohammad Sami,Samuel Badree,Saeed Ajmal,Rumman Raees,Tamim Iqbal,Mohammad Hafeez,Jim Allenby,Kamran Akmal,Shahid Yousuf,Shahid Afridi,Darren Sammy,Wahab Riaz,Junaid Khan,Mohammad Asghar,Shaun Tait,Sharjah,PZ,field,PZ
KK,QG,Nauman Anwar,Shoaib Malik,James Vince,Shakib Al Hasan,Ravi Bopara,Sohail Tanvir,Mushfiqur Rahim,Imad Wasim,Usama Mir,Sohail Khan,Mir Hamza,Luke Wright,Ahmed Shehzad,Kevin Pietersen,Sarfraz Ahmed,Grant Elliott,Mohammad Nawaz,Anwar Ali,Mohammad Nabi,Zulfiqar Babar,Akbar-ur-Rehman,Aizaz Cheema,Sharjah,KK,bat,QG
LQ,PZ,Azhar Ali,Chris Gayle,Cameron Delport,Umar Akmal,Dwayne Bravo,Mohammad Rizwan,Zohaib Khan,Zafar Gohar,Kevon Cooper,Ehsan Adil,Adnan Rasool,Tamim Iqbal,Mohammad Hafeez,Kamran Akmal,Dawid Malan,Shahid Afridi,Shahid Yousuf,Darren Sammy,Wahab Riaz,Junaid Khan,Mohammad Asghar,Shaun Tait,Sharjah,PZ,field,LQ
IU,KK,Sharjeel Khan,Andre Russell,Brad Haddin,Khalid Latif,Misbah-ul-Haq,Asif Ali,Azhar Mahmood,Samuel Badree,Imran Khalid,Mohammad Sami,Rumman Raees,James Vince,Shahzaib Hasan,Imad Wasim,Ravi Bopara,Mushfiqur Rahim,Shoaib Malik,Shakib Al Hasan,Mohammad Amir,Usama Mir,Sohail Khan,Mir Hamza,Sharjah,IU,field,IU
QG,PZ,Asad Shafiq,Ahmed Shehzad,Kumar Sangakkara,Akbar-ur-Rehman,Mohammad Nawaz,Sarfraz Ahmed,Grant Elliott,Mohammad Nabi,Elton Chigumbura,Umar Gul,Zulfiqar Babar,Mohammad Hafeez,Dawid Malan,Kamran Akmal,Brad Hodge,Shahid Yousuf,Shahid Afridi,Darren Sammy,Wahab Riaz,Junaid Khan,Mohammad Asghar,Shaun Tait,Sharjah,QG,bat,PZ
LQ,QG,Chris Gayle,Azhar Ali,Umar Akmal,Dwayne Bravo,Cameron Delport,Naved Yasin,Mohammad Rizwan,Zohaib Khan,Zafar Gohar,Kevon Cooper,Ehsan Adil,Bismillah Khan,Ahmed Shehzad,Kevin Pietersen,Kumar Sangakkara,Sarfraz Ahmed,Anwar Ali,Grant Elliott,Mohammad Nawaz,Mohammad Nabi,Zulfiqar Babar,Umar Gul,Dubai,QG,field,QG
KK,PZ,Lendl Simmons,Shahzaib Hasan,Riki Wessels,Shoaib Malik,Ravi Bopara,Shakib Al Hasan,Bilawal Bhatti,Sohail Khan,Usama Mir,Saifullah Bangash,Mohammad Amir,Mohammad Hafeez,Dawid Malan,Jim Allenby,Brad Hodge,Shahid Afridi,Kamran Akmal,Darren Sammy,Aamer Yamin,Abdur Rehman,Hasan Ali,Imran Khan,Dubai,KK,bat,PZ
IU,LQ,Dwayne Smith,Sharjeel Khan,Brad Haddin,Khalid Latif,Misbah-ul-Haq,Asif Ali,Azhar Mahmood,Saeed Ajmal,Ashar Zaidi,Rumman Raees,Mohammad Irfan,Azhar Ali,Cameron Delport,Sohaib Maqsood,Mohammad Rizwan,Umar Akmal,Dwayne Bravo,Kevon Cooper,Ajantha Mendis,Ehsan Adil,Adnan Rasool,Zia-ul-Haq,Dubai,IU,field,IU
PZ,QG,Mohammad Hafeez,Kamran Akmal,Shahid Yousuf,Brad Hodge,Jonny Bairstow,Darren Sammy,Shahid Afridi,Wahab Riaz,Hasan Ali,Mohammad Asghar,Shaun Tait,Bismillah Khan,Ahmed Shehzad,Kevin Pietersen,Kumar Sangakkara,Sarfraz Ahmed,Mohammad Nawaz,Grant Elliott,Nathan McCullum,Anwar Ali,Zulfiqar Babar,Aizaz Cheema,Dubai,PZ,field,QG
IU,KK,Dwayne Smith,Sharjeel Khan,Brad Haddin,Asif Ali,Misbah-ul-Haq,Khalid Latif,Andre Russell,Imran Khalid,Samuel Badree,Mohammad Irfan,Mohammad Sami,Lendl Simmons,Riki Wessels,Iftikhar Ahmed,Shoaib Malik,Ravi Bopara,Ryan ten Doeschate,Imad Wasim,Sohail Khan,Usama Mir,Mohammad Amir,Mir Hamza,Dubai,IU,field,IU
IU,PZ,Dwayne Smith,Sharjeel Khan,Brad Haddin,Khalid Latif,Andre Russell,Misbah-ul-Haq,Asif Ali,Samuel Badree,Imran Khalid,Mohammad Irfan,Mohammad Sami,Kamran Akmal,Dawid Malan,Mohammad Hafeez,Brad Hodge,Darren Sammy,Shahid Afridi,Shahid Yousuf,Wahab Riaz,Hasan Ali,Mohammad Asghar,Shaun Tait,Dubai,PZ,field,IU
IU,QG,Dwayne Smith,Sharjeel Khan,Brad Haddin,Andre Russell,Khalid Latif,Misbah-ul-Haq,Asif Ali,Samuel Badree,Imran Khalid,Mohammad Irfan,Mohammad Sami,Bismillah Khan,Ahmed Shehzad,Kevin Pietersen,Kumar Sangakkara,Mohammad Nawaz,Sarfraz Ahmed,Grant Elliott,Anwar Ali,Nathan McCullum,Zulfiqar Babar,Aizaz Cheema,Dubai,IU,field,IU
IU,PZ,Dwayne Smith,Sharjeel Khan,Brad Haddin,Shane Watson,Sam Billings,Misbah-ul-Haq,Imran Khalid,Amad Butt,Saeed Ajmal,Mohammad Sami,Mohammad Irfan,Mohammad Hafeez,Dawid Malan,Kamran Akmal,Eoin Morgan,Haris Sohail,Darren Sammy,Shahid Afridi,Iftikhar Ahmed,Chris Jordan,Hasan Ali,Junaid Khan,Dubai,IU,field,IU
LQ,QG,Jason Roy,Brendon McCullum,Fakhar Zaman,Umar Akmal,Mohammad Rizwan,Grant Elliott,Sohail Tanvir,Sunil Narine,Bilawal Bhatti,Yasir Shah,Mohammad Irfan,Asad Shafiq,Ahmed Shehzad,Kevin Pietersen,Rilee Rossouw,Sarfraz Ahmed,Mohammad Nawaz,Thisara Perera,Hasan Khan,Anwar Ali,Tymal Mills,Zulfiqar Babar,Dubai,LQ,field,QG
KK,PZ,Shahzaib Hasan,Chris Gayle,Babar Azam,Kumar Sangakkara,Shoaib Malik,Ravi Bopara,Kieron Pollard,Imad Wasim,Mohammad Amir,Sohail Khan,Abrar Ahmed,Mohammad Hafeez,Dawid Malan,Kamran Akmal,Eoin Morgan,Haris Sohail,Darren Sammy,Shahid Afridi,Mohammad Asghar,Wahab Riaz,Chris Jordan,Hasan Ali,Dubai,PZ,field,PZ
IU,LQ,Dwayne Smith,Sam Billings,Brad Haddin,Misbah-ul-Haq,Shane Watson,Asif Ali,Shadab Khan,Mohammad Sami,Saeed Ajmal,Rumman Raees,Imran Khalid,Jason Roy,Brendon McCullum,Fakhar Zaman,Umar Akmal,Grant Elliott,Sunil Narine,Sohail Tanvir,Mohammad Rizwan,Bilawal Bhatti,Yasir Shah,Mohammad Irfan,Dubai,LQ,field,LQ
KK,QG,Shahzaib Hasan,Chris Gayle,Babar Azam,Kumar Sangakkara,Kieron Pollard,Shoaib Malik,Ravi Bopara,Imad Wasim,Sohail Khan,Mohammad Amir,Abrar Ahmed,Asad Shafiq,Ahmed Shehzad,Kevin Pietersen,Rilee Rossouw,Sarfraz Ahmed,Mohammad Nawaz,Thisara Perera,Hasan Khan,Anwar Ali,Tymal Mills,Zulfiqar Babar,Dubai,QG,field,QG
LQ,PZ,Jason Roy,Brendon McCullum,Fakhar Zaman,Umar Akmal,Grant Elliott,Mohammad Rizwan,Sunil Narine,Sohail Tanvir,Bilawal Bhatti,Yasir Shah,Mohammad Irfan,Mohammad Hafeez,Dawid Malan,Kamran Akmal,Eoin Morgan,Shahid Afridi,Sohaib Maqsood,Darren Sammy,Chris Jordan,Wahab Riaz,Mohammad Asghar,Hasan Ali,Dubai,PZ,field,PZ
IU,QG,Dwayne Smith,Sam Billings,Brad Haddin,Misbah-ul-Haq,Shane Watson,Asif Ali,Shadab Khan,Mohammad Sami,Mohammad Irfan,Rumman Raees,Zohaib Khan,Asad Shafiq,Ahmed Shehzad,Kevin Pietersen,Rilee Rossouw,Sarfraz Ahmed,Mahmudullah,Thisara Perera,Hasan Khan,Anwar Ali,Mohammad Nawaz,Umar Gul,Sharjah,IU,field,IU
KK,LQ,Babar Azam,Chris Gayle,Kumar Sangakkara,Shoaib Malik,Kieron Pollard,Ravi Bopara,Imad Wasim,Sohail Khan,Mohammad Amir,Usama Mir,Usman Khan,Jason Roy,Brendon McCullum,Fakhar Zaman,Umar Akmal,Mohammad Rizwan,Grant Elliott,Sunil Narine,Sohail Tanvir,Mohammad Irfan,Yasir Shah,Bilawal Bhatti,Sharjah,KK,field,LQ
IU,KK,Dwayne Smith,Sam Billings,Brad Haddin,Misbah-ul-Haq,Shane Watson,Imran Khalid,Asif Ali,Mohammad Sami,Shadab Khan,Saeed Ajmal,Mohammad Irfan,Chris Gayle,Babar Azam,Kumar Sangakkara,Shoaib Malik,Ravi Bopara,Imad Wasim,Kieron Pollard,Kashif Bhatti,Mohammad Amir,Usama Mir,Usman Khan,Sharjah,KK,field,KK
LQ,QG,Jason Roy,Fakhar Zaman,Umar Akmal,Mohammad Rizwan,Cameron Delport,Brendon McCullum,Sunil Narine,Sohail Tanvir,Bilawal Bhatti,Mohammad Irfan,Yasir Shah,Ahmed Shehzad,Saad Nasim,Kevin Pietersen,Rilee Rossouw,Thisara Perera,Sarfraz Ahmed,Anwar Ali,Mohammad Nawaz,Mahmudullah,Hasan Khan,Zulfiqar Babar,Sharjah,QG,field,QG
IU,PZ,Dwayne Smith,Rafatullah Mohmand,Brad Haddin,Sam Billings,Misbah-ul-Haq,Shane Watson,Amad Butt,Shadab Khan,Mohammad Sami,Mohammad Irfan,Rumman Raees,Tamim Iqbal,Kamran Akmal,Mohammad Hafeez,Eoin Morgan,Sohaib Maqsood,Shakib Al Hasan,Darren Sammy,Shahid Afridi,Wahab Riaz,Hasan Ali,Junaid Khan,Sharjah,IU,field,IU
KK,PZ,Babar Azam,Kumar Sangakkara,Chris Gayle,Shoaib Malik,Ravi Bopara,Kieron Pollard,Imad Wasim,Sohail Khan,Mohammad Amir,Usama Mir,Usman Khan,Tamim Iqbal,Kamran Akmal,Iftikhar Ahmed,Eoin Morgan,Shakib Al Hasan,Sohaib Maqsood,Darren Sammy,Shahid Afridi,Wahab Riaz,Hasan Ali,Imran Khan,Sharjah,PZ,field,KK
IU,LQ,Dwayne Smith,Rafatullah Mohmand,Brad Haddin,Ben Duckett,Misbah-ul-Haq,Shane Watson,Shadab Khan,Amad Butt,Mohammad Sami,Mohammad Irfan,Rumman Raees,Cameron Delport,Brendon McCullum,Fakhar Zaman,Umar Akmal,Mohammad Rizwan,Mohammad Irfan,Grant Elliott,Sunil Narine,Sohail Tanvir,Aamer Yamin,Yasir Shah,Sharjah,LQ,field,LQ
KK,QG,Babar Azam,Kumar Sangakkara,Chris Gayle,Shoaib Malik,Kieron Pollard,Ravi Bopara,Imad Wasim,Sohail Khan,Mohammad Amir,Usama Mir,Usman Khan,Asad Shafiq,Ahmed Shehzad,Kevin Pietersen,Rilee Rossouw,Sarfraz Ahmed,Mahmudullah,Anwar Ali,Mohammad Nawaz,Hasan Khan,Mir Hamza,Tymal Mills,Dubai,QG,field,QG
LQ,PZ,Cameron Delport,Brendon McCullum,Fakhar Zaman,Umar Akmal,Mohammad Rizwan,Grant Elliott,Sunil Narine,Aamer Yamin,Sohail Tanvir,Yasir Shah,Ghulam Mudassar,Tamim Iqbal,Kamran Akmal,Mohammad Hafeez,Marlon Samuels,Shakib Al Hasan,Shahid Afridi,Darren Sammy,Wahab Riaz,Sohaib Maqsood,Hasan Ali,Mohammad Asghar,Dubai,PZ,bat,PZ
IU,QG,Dwayne Smith,Rafatullah Mohmand,Hussain Talat,Misbah-ul-Haq,Brad Haddin,Shane Watson,Shadab Khan,Mohammad Sami,Mohammad Irfan,Rumman Raees,Samuel Badree,Asad Shafiq,Ahmed Shehzad,Kevin Pietersen,Rilee Rossouw,Sarfraz Ahmed,Anwar Ali,Thisara Perera,Mohammad Nawaz,Hasan Khan,Mahmudullah,Zulfiqar Babar,Dubai,QG,field,IU
KK,LQ,Babar Azam,Mahela Jayawardene,Kumar Sangakkara,Shoaib Malik,Ravi Bopara,Imad Wasim,Kieron Pollard,Sohail Khan,Mohammad Amir,Usama Mir,Usman Khan,Cameron Delport,Brendon McCullum,Fakhar Zaman,Umar Akmal,Sunil Narine,Grant Elliott,Mohammad Rizwan,Sohail Tanvir,Aamer Yamin,Yasir Shah,Mohammad Irfan,Dubai,KK,field,KK
PZ,QG,Tamim Iqbal,Kamran Akmal,Marlon Samuels,Mohammad Hafeez,Shakib Al Hasan,Sohaib Maqsood,Darren Sammy,Shahid Afridi,Wahab Riaz,Hasan Ali,Mohammad Asghar,Asad Shafiq,Ahmed Shehzad,Kevin Pietersen,Rilee Rossouw,Mohammad Nawaz,Sarfraz Ahmed,Mahmudullah,Hasan Khan,Zulfiqar Babar,Umar Gul,Tymal Mills,Dubai,PZ,field,PZ
IU,KK,Dwayne Smith,Ben Duckett,Hussain Talat,Shane Watson,Brad Haddin,Shadab Khan,Misbah-ul-Haq,Mohammad Sami,Mohammad Irfan,Rumman Raees,Saeed Ajmal,Babar Azam,Chris Gayle,Kumar Sangakkara,Shoaib Malik,Kieron Pollard,Ravi Bopara,Imad Wasim,Sohail Khan,Mohammad Amir,Usama Mir,Usman Khan,Dubai,KK,field,KK
PZ,QG,Kamran Akmal,Dawid Malan,Marlon Samuels,Mohammad Hafeez,Shahid Afridi,Haris Sohail,Darren Sammy,Chris Jordan,Wahab Riaz,Hasan Ali,Mohammad Asghar,Ahmed Shehzad,Luke Wright,Kevin Pietersen,Rilee Rossouw,Sarfraz Ahmed,Anwar Ali,Saad Nasim,Mohammad Nawaz,Hasan Khan,Zulfiqar Babar,Tymal Mills,Sharjah,PZ,field,QG
IU,KK,Dwayne Smith,Asif Ali,Brad Haddin,Misbah-ul-Haq,Shane Watson,Shadab Khan,Nicholas Pooran,Amad Butt,Mohammad Sami,Rumman Raees,Mohammad Irfan,Babar Azam,Chris Gayle,Kumar Sangakkara,Shoaib Malik,Ravi Bopara,Kieron Pollard,Imad Wasim,Sohail Khan,Mohammad Amir,Usama Mir,Usman Khan,Sharjah,IU,field,KK
KK,PZ,Babar Azam,Chris Gayle,Kumar Sangakkara,Shoaib Malik,Ravi Bopara,Kieron Pollard,Imad Wasim,Sohail Khan,Mohammad Amir,Usama Mir,Usman Khan,Kamran Akmal,Dawid Malan,Marlon Samuels,Shahid Afridi,Darren Sammy,Khushdil Shah,Mohammad Hafeez,Chris Jordan,Wahab Riaz,Hasan Ali,Mohammad Asghar,Dubai,KK,field,PZ
PZ,QG,Dawid Malan,Kamran Akmal,Marlon Samuels,Mohammad Hafeez,Khushdil Shah,Iftikhar Ahmed,Darren Sammy,Chris Jordan,Wahab Riaz,Hasan Ali,Mohammad Asghar,Morne van Wyk,Ahmed Shehzad,Anamul Haque,Sarfraz Ahmed,Sean Ervine,Saad Nasim,Anwar Ali,Mohammad Nawaz,Rayad Emrit,Hasan Khan,Zulfiqar Babar,Lahore,QG,field,PZ
PZ,MS,Tamim Iqbal,Kamran Akmal,Dwayne Smith,Mohammad Hafeez,Haris Sohail,Darren Sammy,Hammad Azam,Chris Jordan,Wahab Riaz,Ibtisam Sheikh,Mohammad Asghar,Kumar Sangakkara,Ahmed Shehzad,Sohaib Maqsood,Shoaib Malik,Kieron Pollard,Saif Badar,Sohail Tanvir,Hardus Viljoen,Mohammad Irfan,Imran Tahir,Junaid Khan,Dubai,MS,field,MS
KK,QG,Khurram Manzoor,Joe Denly,Babar Azam,Colin Ingram,Ravi Bopara,Shahid Afridi,Imad Wasim,Mohammad Rizwan,Mohammad Irfan,Mohammad Amir,Tymal Mills,Asad Shafiq,Shane Watson,Umar Amin,Kevin Pietersen,Rilee Rossouw,Sarfraz Ahmed,Mohammad Nawaz,Hasan Khan,Anwar Ali,Jofra Archer,Rahat Ali,Dubai,KK,bat,KK
MS,LQ,Kumar Sangakkara,Ahmed Shehzad,Sohaib Maqsood,Shoaib Malik,Kieron Pollard,Darren Bravo,Sohail Tanvir,Saif Badar,Imran Tahir,Junaid Khan,Mohammad Irfan,Fakhar Zaman,Sunil Narine,Brendon McCullum,Umar Akmal,Sohail Akhtar,Cameron Delport,Aamer Yamin,Yasir Shah,Raza Hasan,Shaheen Afridi,Mustafizur Rahman,Dubai,LQ,field,MS
IU,PZ,Luke Ronchi,Chadwick Walton,Asif Ali,Iftikhar Ahmed,Hussain Talat,Samit Patel,Shadab Khan,Andre Russell,Faheem Ashraf,Mohammad Sami,Rumman Raees,Tamim Iqbal,Kamran Akmal,Dwayne Smith,Mohammad Hafeez,Darren Sammy,Haris Sohail,Wahab Riaz,Umaid Asif,Ibtisam Sheikh,Chris Jordan,Mohammad Asghar,Dubai,IU,field,PZ
QG,LQ,Asad Shafiq,Shane Watson,Umar Amin,Kevin Pietersen,Rilee Rossouw,Sarfraz Ahmed,Mohammad Nawaz,Hasan Khan,Anwar Ali,Jofra Archer,Rahat Ali,Brendon McCullum,Sunil Narine,Fakhar Zaman,Cameron Delport,Gulraiz Sadaf,Umar Akmal,Raza Hasan,Sohail Akhtar,Yasir Shah,Shaheen Afridi,Mustafizur Rahman,Dubai,QG,field,QG
MS,IU,Kumar Sangakkara,Ahmed Shehzad,Darren Bravo,Sohaib Maqsood,Shoaib Malik,Kieron Pollard,Saif Badar,Sohail Tanvir,Imran Tahir,Junaid Khan,Mohammad Irfan,Luke Ronchi,Sahibzada Farhan,Chadwick Walton,Asif Ali,Hussain Talat,Andre Russell,Faheem Ashraf,Shadab Khan,Mohammad Sami,Rumman Raees,Steven Finn,Dubai,IU,field,IU
KK,PZ,Khurram Manzoor,Joe Denly,Babar Azam,Colin Ingram,Ravi Bopara,Mohammad Rizwan,Imad Wasim,Shahid Afridi,Mohammad Irfan,Mohammad Amir,Tymal Mills,Tamim Iqbal,Kamran Akmal,Dwayne Smith,Mohammad Hafeez,Haris Sohail,Ibtisam Sheikh,Darren Sammy,Umaid Asif,Chris Jordan,Wahab Riaz,Mohammad Asghar,Dubai,PZ,bat,KK
KK,LQ,Khurram Manzoor,Joe Denly,Babar Azam,Colin Ingram,Ravi Bopara,Mohammad Rizwan,Imad Wasim,Shahid Afridi,Mohammad Irfan,Tymal Mills,Usman Khan,Brendon McCullum,Sunil Narine,Fakhar Zaman,Umar Akmal,Denesh Ramdin,Sohail Akhtar,Agha Salman,Sohail Khan,Yasir Shah,Shaheen Afridi,Mustafizur Rahman,Dubai,KK,bat,KK
IU,QG,Luke Ronchi,Chadwick Walton,Asif Ali,Jean-Paul Duminy,Misbah-ul-Haq,Hussain Talat,Faheem Ashraf,Shadab Khan,Mohammad Sami,Rumman Raees,Steven Finn,Asad Shafiq,Shane Watson,Umar Amin,Kevin Pietersen,Mohammad Nawaz,Sarfraz Ahmed,Mahmudullah,John Hastings,Hasan Khan,Anwar Ali,Rahat Ali,Sharjah,QG,field,QG
QG,PZ,Asad Shafiq,Shane Watson,Umar Amin,Kevin Pietersen,Rilee Rossouw,Sarfraz Ahmed,Mohammad Nawaz,Anwar Ali,John Hastings,Hasan Khan,Rahat Ali,Tamim Iqbal,Kamran Akmal,Dwayne Smith,Mohammad Hafeez,Sabbir Rahman,Khalid Usman,Darren Sammy,Sameen Gul,Umaid Asif,Wahab Riaz,Mohammad Asghar,Sharjah,PZ,field,PZ
LQ,IU,Umar Akmal,Brendon McCullum,Fakhar Zaman,Agha Salman,Denesh Ramdin,Sohail Akhtar,Sunil Narine,Sohail Khan,Yasir Shah,Salman Irshad,Mustafizur Rahman,Luke Ronchi,Sahibzada Farhan,Jean-Paul Duminy,Misbah-ul-Haq,Samit Patel,Asif Ali,Andre Russell,Hussain Talat,Faheem Ashraf,Shadab Khan,Mohammad Sami,Sharjah,LQ,field,IU
MS,QG,Kumar Sangakkara,Ahmed Shehzad,Sohaib Maqsood,Shoaib Malik,Kieron Pollard,Darren Bravo,Sohail Tanvir,Mohammad Irfan,Imran Tahir,Junaid Khan,Saif Badar,Umar Amin,Shane Watson,Rameez Raja,Sarfraz Ahmed,Rilee Rossouw,Mahmudullah,Mohammad Nawaz,Hasan Khan,Anwar Ali,John Hastings,Rahat Ali,Sharjah,MS,field,MS
PZ,LQ,Tamim Iqbal,Kamran Akmal,Mohammad Hafeez,Dwayne Smith,Sabbir Rahman,Liam Dawson,Khalid Usman,Wahab Riaz,Umaid Asif,Hasan Ali,Sameen Gul,Fakhar Zaman,Brendon McCullum,Agha Salman,Denesh Ramdin,Sohail Akhtar,Umar Akmal,Sunil Narine,Sohail Khan,Yasir Shah,Salman Irshad,Mustafizur Rahman,Sharjah,LQ,bat,PZ
IU,KK,Jean-Paul Duminy,Luke Ronchi,Hussain Talat,Asif Ali,Sahibzada Farhan,Misbah-ul-Haq,Shadab Khan,Faheem Ashraf,Andre Russell,Mohammad Sami,Samit Patel,Khurram Manzoor,Joe Denly,Babar Azam,Colin Ingram,Ravi Bopara,Imad Wasim,Mohammad Rizwan,Mohammad Irfan,Mohammad Amir,Usman Khan,Tymal Mills,Sharjah,IU,field,IU
PZ,MS,Kamran Akmal,Andre Fletcher,Dwayne Smith,Mohammad Hafeez,Riki Wessels,Liam Dawson,Hammad Azam,Hasan Ali,Wahab Riaz,Umaid Asif,Sameen Gul,Ahmed Shehzad,Kumar Sangakkara,Sohaib Maqsood,Shoaib Malik,Kieron Pollard,Darren Bravo,Sohail Tanvir,Mohammad Irfan,Imran Tahir,Junaid Khan,Saif Badar,Dubai,PZ,field,MS
MS,QG,Kumar Sangakkara,Ahmed Shehzad,Sohaib Maqsood,Sohail Tanvir,Shoaib Malik,Ross Whiteley,Kieron Pollard,Mohammad Irfan,Imran Tahir,Umar Gul,Saif Badar,Asad Shafiq,Shane Watson,Kevin Pietersen,Rilee Rossouw,Rameez Raja,Sarfraz Ahmed,Anwar Ali,Mohammad Nawaz,Hasan Khan,Ben Laughlin,Rahat Ali,Dubai,QG,field,QG
IU,LQ,Jean-Paul Duminy,Luke Ronchi,Shadab Khan,Asif Ali,Misbah-ul-Haq,Sahibzada Farhan,Hussain Talat,Samit Patel,Faheem Ashraf,Steven Finn,Mohammad Sami,Fakhar Zaman,Anton Devcich,Agha Salman,Denesh Ramdin,Brendon McCullum,Sunil Narine,Sohail Khan,Aamer Yamin,Salman Irshad,Yasir Shah,Imran Khan,Dubai,IU,field,IU
KK,QG,Joe Denly,Shahid Afridi,Colin Ingram,Babar Azam,Ravi Bopara,Imad Wasim,Mohammad Rizwan,David Wiese,Mohammad Irfan,Mohammad Amir,Usman Khan,Asad Shafiq,Shane Watson,Kevin Pietersen,Rilee Rossouw,Anwar Ali,Rameez Raja,Sarfraz Ahmed,Mohammad Nawaz,Hasan Khan,Ben Laughlin,Rahat Ali,Dubai,KK,field,QG
MS,LQ,Ahmed Shehzad,Kumar Sangakkara,Sohaib Maqsood,Shoaib Malik,Kieron Pollard,Ross Whiteley,Saif Badar,Sohail Tanvir,Imran Tahir,Junaid Khan,Mohammad Irfan,Fakhar Zaman,Anton Devcich,Agha Salman,Gulraiz Sadaf,Brendon McCullum,Sohail Akhtar,Sunil Narine,Yasir Shah,Sohail Khan,Mitchell McClenaghan,Shaheen Afridi,Dubai,MS,bat,LQ
PZ,IU,Kamran Akmal,Andre Fletcher,Dwayne Smith,Mohammad Hafeez,Khushdil Shah,Liam Dawson,Darren Sammy,Hasan Ali,Wahab Riaz,Umaid Asif,Ibtisam Sheikh,Jean-Paul Duminy,Luke Ronchi,Hussain Talat,Shadab Khan,Asif Ali,Faheem Ashraf,Misbah-ul-Haq,Samit Patel,Zafar Gohar,Steven Finn,Mohammad Sami,Dubai,PZ,field,IU
MS,KK,Kumar Sangakkara,Ahmed Shehzad,Sohaib Maqsood,Shoaib Malik,Kieron Pollard,Saif Badar,Hardus Viljoen,Sohail Tanvir,Imran Tahir,Junaid Khan,Mohammad Irfan,Lendl Simmons,Joe Denly,Babar Azam,Colin Ingram,Ravi Bopara,Shahid Afridi,Mohammad Rizwan,Imad Wasim,Mohammad Irfan,Mohammad Amir,Usman Khan,Dubai,MS,field,KK
PZ,QG,Mohammad Hafeez,Kamran Akmal,Dwayne Smith,Riki Wessels,Khushdil Shah,Liam Dawson,Darren Sammy,Hasan Ali,Wahab Riaz,Mohammad Asghar,Umaid Asif,Asad Shafiq,Shane Watson,Kevin Pietersen,Rameez Raja,Rilee Rossouw,Sarfraz Ahmed,Mohammad Nawaz,Anwar Ali,Hasan Khan,Rahat Ali,Ben Laughlin,Dubai,QG,field,QG
KK,LQ,Lendl Simmons,Joe Denly,Babar Azam,Colin Ingram,Ravi Bopara,Shahid Afridi,Imad Wasim,Mohammad Rizwan,Mohammad Irfan,Mohammad Amir,Usman Khan,Fakhar Zaman,Anton Devcich,Agha Salman,Sunil Narine,Brendon McCullum,Sohail Akhtar,Sohail Khan,Mitchell McClenaghan,Gulraiz Sadaf,Yasir Shah,Shaheen Afridi,Dubai,LQ,field,LQ
MS,IU,Kumar Sangakkara,Ahmed Shehzad,Saif Badar,Sohaib Maqsood,Shoaib Malik,Kieron Pollard,Ross Whiteley,Sohail Tanvir,Umar Gul,Imran Tahir,Mohammad Irfan,Luke Ronchi,Jean-Paul Duminy,Alex Hales,Hussain Talat,Asif Ali,Faheem Ashraf,Misbah-ul-Haq,Samit Patel,Shadab Khan,Amad Butt,Mohammad Sami,Sharjah,MS,field,IU
QG,LQ,Jason Roy,Shane Watson,Kevin Pietersen,Rameez Raja,Rilee Rossouw,Anwar Ali,Sarfraz Ahmed,Mohammad Nawaz,Hasan Khan,Rahat Ali,Mir Hamza,Fakhar Zaman,Anton Devcich,Agha Salman,Brendon McCullum,Gulraiz Sadaf,Sunil Narine,Sohail Akhtar,Sohail Khan,Mitchell McClenaghan,Yasir Shah,Shaheen Afridi,Sharjah,QG,field,LQ
PZ,KK,Mohammad Hafeez,Kamran Akmal,Dwayne Smith,Riki Wessels,Saad Nasim,Darren Sammy,Liam Dawson,Umaid Asif,Hasan Ali,Wahab Riaz,Sameen Gul,Babar Azam,Joe Denly,Colin Ingram,Eoin Morgan,Ravi Bopara,Shahid Afridi,Mohammad Rizwan,Usama Mir,Mohammad Irfan,Mohammad Amir,Usman Khan,Sharjah,PZ,bat,PZ
QG,IU,Jason Roy,Shane Watson,Umar Amin,Kevin Pietersen,Sarfraz Ahmed,Rilee Rossouw,Anwar Ali,Mohammad Nawaz,Hasan Khan,Rahat Ali,Mir Hamza,Jean-Paul Duminy,Luke Ronchi,Alex Hales,Shadab Khan,Hussain Talat,Asif Ali,Faheem Ashraf,Misbah-ul-Haq,Samit Patel,Amad Butt,Mohammad Sami,Sharjah,QG,bat,IU
PZ,LQ,Kamran Akmal,Riki Wessels,Dwayne Smith,Mohammad Hafeez,Saad Nasim,Darren Sammy,Liam Dawson,Umaid Asif,Hasan Ali,Wahab Riaz,Sameen Gul,Fakhar Zaman,Anton Devcich,Brendon McCullum,Agha Salman,Gulraiz Sadaf,Sohail Akhtar,Bilal Asif,Yasir Shah,Kyle Abbott,Mitchell McClenaghan,Shaheen Afridi,Sharjah,LQ,bat,PZ
IU,KK,Jean-Paul Duminy,Alex Hales,Chadwick Walton,Misbah-ul-Haq,Hussain Talat,Asif Ali,Shadab Khan,Faheem Ashraf,Amad Butt,Zafar Gohar,Steven Finn,Khurram Manzoor,Joe Denly,Babar Azam,Eoin Morgan,Colin Ingram,Shahid Afridi,Mohammad Rizwan,Mohammad Amir,Tymal Mills,Usman Khan,Mohammad Irfan,Sharjah,KK,field,KK
IU,KK,Luke Ronchi,Sahibzada Farhan,Alex Hales,Samit Patel,Jean-Paul Duminy,Hussain Talat,Asif Ali,Shadab Khan,Faheem Ashraf,Mohammad Sami,Amad Butt,Khurram Manzoor,Joe Denly,Babar Azam,Eoin Morgan,Colin Ingram,Shahid Afridi,Mohammad Rizwan,Mohammad Amir,Tymal Mills,Usman Khan,Mohammad Irfan,Dubai,KK,bat,IU
PZ,QG,Tamim Iqbal,Kamran Akmal,Andre Fletcher,Mohammad Hafeez,Liam Dawson,Saad Nasim,Umaid Asif,Darren Sammy,Wahab Riaz,Hasan Ali,Sameen Gul,Asad Shafiq,Tom Kohler-Cadmore,Mohammad Nawaz,Sarfraz Ahmed,Rilee Rossouw,Mahmudullah,Thisara Perera,Anwar Ali,Hasan Khan,Mir Hamza,Rahat Ali,Lahore,QG,field,PZ
KK,PZ,Mukhtar Ahmed,Joe Denly,Babar Azam,Colin Ingram,Ravi Bopara,Danish Aziz,Mohammad Rizwan,Mohammad Amir,Tymal Mills,Usman Khan,Usama Mir,Kamran Akmal,Andre Fletcher,Liam Dawson,Mohammad Hafeez,Darren Sammy,Saad Nasim,Wahab Riaz,Chris Jordan,Hasan Ali,Umaid Asif,Sameen Gul,Lahore,KK,field,PZ
IU,PZ,Luke Ronchi,Sahibzada Farhan,Chadwick Walton,Jean-Paul Duminy,Samit Patel,Shadab Khan,Hussain Talat,Asif Ali,Faheem Ashraf,Mohammad Sami,Amad Butt,Kamran Akmal,Andre Fletcher,Mohammad Hafeez,Chris Jordan,Liam Dawson,Saad Nasim,Darren Sammy,Umaid Asif,Hasan Ali,Wahab Riaz,Sameen Gul,Karachi,PZ,bat,IU
